{
  "components/halothemes/products/halo-special-product-tmp": "<div class=\"productView halo-productView\">\r\n    <div class=\"halo-productView-left productView-images zoom-image\" data-image-gallery>\r\n        <div class=\"productView-image-wrapper\">\r\n            {{#if theme_settings.halo-label-product}}\r\n                <div class=\"halo-badges\">\r\n                    {{#each productsnew}}\r\n                        {{#if id '==' ../product.id}}\r\n                            <div class=\"new-badge halo-badge\">\r\n                                <span class=\"text\">{{lang 'products.new_label'}}</span>\r\n                            </div>\r\n                        {{/if}}\r\n                    {{/each}}\r\n                    {{#each product.custom_fields}}\r\n                        {{#if name '===' '__customlabel'}}\r\n                            <div class=\"custom-badge halo-badge\">\r\n                                <span class=\"text\">{{{value}}}</span>\r\n                            </div>\r\n                        {{/if}}\r\n                    {{/each}}\r\n                    {{#unless product.can_purchase}}\r\n                        {{#if product.out_of_stock}}\r\n                            {{#if product.out_of_stock_message}}\r\n                                <div class=\"soldOut-badge halo-badge\">\r\n                                    <span class=\"text\">{{lang 'products.sold_out_label'}}</span>\r\n                                </div>\r\n                            {{else}}\r\n                                <div class=\"soldOut-badge halo-badge\">\r\n                                    <span class=\"text\">{{lang 'products.sold_out_label'}}</span>\r\n                                </div>\r\n                            {{/if}}\r\n                        {{/if}}\r\n                    {{/unless}}\r\n                </div>\r\n            {{/if}}\r\n            <div class=\"productView-nav\"\r\n                data-slick='{\r\n                    \"fade\": false,\r\n                    \"arrows\": false,\r\n                    \"dots\": false,\r\n                    \"infinite\": false,\r\n                    \"slidesToShow\": 1,\r\n                    \"slidesToScroll\": 1,\r\n                    \"asNavFor\": \".halo-spacial-product .halo-productView-left .productView-for\"\r\n                }'>\r\n                {{#each product.images}}\r\n                    <div>\r\n                        <figure class=\"productView-image\" data-fancybox=\"images\" href=\"{{getImageSrcset this (cdn ../theme_settings.default_image_product) 1x=../theme_settings.zoom_size}}\" \r\n                            data-image-gallery-main\r\n                            data-zoom-image=\"{{getImageSrcset this (cdn ../theme_settings.default_image_product) 1x=../theme_settings.zoom_size}}\">\r\n                            <div class=\"productView-img-container\">\r\n                                <a href=\"{{getImageSrcset this (cdn ../theme_settings.default_image_product) 1x=../theme_settings.zoom_size}}\">\r\n                                    {{> components/common/responsive-img\r\n                                        image=this\r\n                                        class=\"productView-image--default\"\r\n                                        fallback_size=../theme_settings.product_size\r\n                                        lazyload=\"disabled\"\r\n                                        default_image=../theme_settings.default_image_product\r\n                                        otherAttributes=\"data-main-image\"\r\n                                    }}\r\n                                </a>\r\n                            </div>\r\n                        </figure>\r\n                    </div>\r\n                {{/each}}\r\n                {{#if product.videos.list.length}}\r\n                    {{#each product.videos.list}}\r\n                        <div>\r\n                            <figure class=\"productView-image\">\r\n                                <div class=\"productView-img-container\">\r\n                                    <a href=\"//www.youtube.com/embed/{{id}}\">\r\n                                        <img class=\"lazyload\" src=\"{{cdn 'img/loading.svg'}}\" data-src=\"//i.ytimg.com/vi/{{id}}/hqdefault.jpg\"/ data-sizes=\"auto\">\r\n                                    </a>\r\n                                    <div class=\"productView-video\">\r\n                                        <div data-youtube=\"{{id}}\"></div>\r\n                                    </div>\r\n                                </div>\r\n                            </figure>\r\n                        </div>\r\n                    {{/each}}\r\n                {{/if}}\r\n            </div>\r\n        </div>\r\n        <div class=\"productView-thumbnail-wrapper\">\r\n            <div class=\"productView-for\" data-slick='{\r\n                \"arrows\": true,\r\n                \"dots\": false,\r\n                \"infinite\": false,\r\n                \"focusOnSelect\": true,\r\n                \"slidesToShow\": 5,\r\n                \"slidesToScroll\": 1,\r\n                \"vertical\": true,\r\n                \"verticalSwiping\": true,\r\n                \"asNavFor\": \".halo-spacial-product .halo-productView-left .productView-nav\",\r\n                \"nextArrow\": \"<svg class=&apos;slick-next slick-arrow&apos; aria-label=&apos;Next Slide&apos;><use xlink:href=&apos;#slick-arrow-next&apos;></use></svg>\", \r\n                \"prevArrow\": \"<svg class=&apos;slick-prev slick-arrow&apos; aria-label=&apos;Previous Slide&apos;><use xlink:href=&apos;#slick-arrow-prev&apos;></use></svg>\",\r\n                \"responsive\": [\r\n                    {\r\n                        \"breakpoint\": 1281,\r\n                        \"settings\": {\r\n                            \"slidesToShow\": 4,\r\n                            \"slidesToScroll\": 1\r\n                        }\r\n                    },\r\n                    {\r\n                        \"breakpoint\": 992,\r\n                        \"settings\": {\r\n                            \"vertical\": false,\r\n                            \"verticalSwiping\": false,\r\n                            \"slidesToShow\": 5,\r\n                            \"slidesToScroll\": 1\r\n                        }\r\n                    },\r\n                    {\r\n                        \"breakpoint\": 415,\r\n                        \"settings\": {\r\n                            \"vertical\": false,\r\n                            \"verticalSwiping\": false,\r\n                            \"slidesToShow\": 4,\r\n                            \"slidesToScroll\": 1\r\n                        }\r\n                    },\r\n                    {\r\n                        \"breakpoint\": 321,\r\n                        \"settings\": {\r\n                            \"vertical\": false,\r\n                            \"verticalSwiping\": false,\r\n                            \"slidesToShow\": 3,\r\n                            \"slidesToScroll\": 1\r\n                        }\r\n                    }\r\n                ]\r\n            }'>\r\n                {{#each product.images}}\r\n                    <div>\r\n                        <div class=\"productView-thumbnail\">\r\n                            <a\r\n                                class=\"productView-thumbnail-link\"\r\n                                href=\"{{getImageSrcset this (cdn ../theme_settings.default_image_product) 1x=../theme_settings.zoom_size}}\"\r\n                                data-image-gallery-item\r\n                                data-image-gallery-new-image-url=\"{{getImageSrcset this (cdn ../theme_settings.default_image_product) 1x=../theme_settings.product_size}}\"\r\n                                data-image-gallery-new-image-srcset=\"{{getImageSrcset this use_default_sizes=true}}\"\r\n                                data-image-gallery-zoom-image-url=\"{{getImageSrcset this (cdn ../theme_settings.default_image_product) 1x=../theme_settings.zoom_size}}\"\r\n                            >\r\n                            {{> components/common/responsive-img\r\n                                image=this\r\n                                fallback_size=../theme_settings.productview_thumb_size\r\n                                lazyload=../theme_settings.lazyload_mode\r\n                            }}\r\n                            </a>\r\n                        </div>\r\n                    </div>\r\n                {{/each}}\r\n                {{#if product.videos.list.length}}\r\n                    {{#each product.videos.list}}\r\n                        <div>\r\n                            <div class=\"productView-thumbnail\">\r\n                                <a\r\n                                    class=\"productView-thumbnail-link productView-thumbnail-linkVideo\"\r\n                                    href=\"//www.youtube.com/embed/{{id}}\"\r\n                                    data-image-gallery-item\r\n                                >\r\n                                    <span class=\"videoText\">\r\n                                        <svg class=\"icon\"><use xlink:href=\"#icon-video-product\"></use></svg>\r\n                                        <span class=\"text\">{{lang 'products.video'}}</span>\r\n                                    </span>\r\n                                </a>\r\n                            </div>\r\n                        </div>\r\n                    {{/each}}\r\n                {{/if}}\r\n            </div>\r\n        </div>\r\n    </div>\r\n    <div class=\"halo-productView-right\">\r\n        <div class=\"productView-details\">\r\n            <div class=\"productView-product\">\r\n                {{#if product.brand}}\r\n                    <h2 class=\"productView-brand\">\r\n                        <a href=\"{{product.brand.url}}\">{{product.brand.name}}</span></a>\r\n                    </h2>\r\n                {{/if}}\r\n                <h1 class=\"productView-title\">\r\n                    <a href=\"{{product.url}}\">{{product.title}}</a>\r\n                </h1>\r\n                <div class=\"productView-topInfo\">\r\n                    <div class=\"productView-rating\">\r\n                        {{#if settings.show_product_rating}}\r\n                            {{> components/products/ratings rating=product.rating}}\r\n                            <span class=\"productView-reviewLink review-link\">\r\n                                {{#if product.num_reviews '>' 0}}\r\n                                    <a href=\"{{product.url}}#tab-reviews\">\r\n                                        {{lang 'products.reviews.link_to_review' total=product.num_reviews}}\r\n                                    </a>\r\n                                {{else}}\r\n                                    {{lang 'products.reviews.link_to_review' total=product.num_reviews}}\r\n                                {{/if}}\r\n                            </span>\r\n                        {{/if}}\r\n                        {{#if theme_settings.product_soldProduct}}\r\n                            <div class=\"productView-soldProduct\"></div>\r\n                        {{/if}}\r\n                    </div>\r\n                </div>\r\n\r\n                {{> components/halothemes/products/halo-product-countdown custom_fields=product.custom_fields id=product.id}}\r\n\r\n                <div class=\"productView-price\">\r\n                    {{#or customer (if theme_settings.restrict_to_login '!==' true)}}                        \r\n                        {{> components/products/price price=product.price schema_org=schema}}\r\n                    {{else}}\r\n                        {{> components/common/login-for-pricing}}\r\n                    {{/or}}\r\n                    {{#if product.call_for_price}}\r\n                        <p><span>{{product.call_for_price}}</span></p>\r\n                    {{/if}}\r\n                </div>\r\n\r\n                {{#if product.detail_messages}}\r\n                    <div class=\"productView-messages\">\r\n                        {{product.detail_messages}}\r\n                    </div>\r\n                {{/if}}\r\n            </div>\r\n\r\n            <div class=\"productView-options\">\r\n                {{#if product.release_date }}\r\n                    <p class=\"productView-releaseDate\">{{product.release_date}}</p>\r\n                {{/if}}\r\n\r\n                <form class=\"form\" method=\"post\" action=\"{{product.cart_url}}\" enctype=\"multipart/form-data\" data-cart-item-add>\r\n                    <input type=\"hidden\" name=\"action\" value=\"add\">\r\n                    <input type=\"hidden\" name=\"product_id\" value=\"{{product.id}}\"/>\r\n\r\n                    {{#if product.options}}\r\n                        <div class=\"productView-optionsLabel\">{{lang 'products.choose_options'}}:</div>\r\n                    {{/if}}\r\n\r\n                    <div data-product-option-change style=\"display:none;\">\r\n                        {{#each product.options}}\r\n                            {{{dynamicComponent 'components/halothemes/options'}}}\r\n                        {{/each}}\r\n                    </div>\r\n\r\n                    {{#if theme_settings.halo_stock_level}}\r\n                        <div class=\"productView-optionsStock u-hiddenVisually\">\r\n                            <span>{{lang 'products.stock_hurry_up'}}</span><span data-stock-left></span><span>{{lang 'products.stock_left'}}</span>\r\n                        </div>\r\n                    {{/if}}\r\n\r\n                    {{#unless theme_settings.halo_stock_level}}\r\n                        <div class=\"form-field form-field--stock{{#unless product.stock_level}} u-hiddenVisually{{/unless}}\">\r\n                            <label class=\"form-label form-label--alternate\">\r\n                                {{lang 'products.current_stock'}}\r\n                                <span data-product-stock>{{product.stock_level}}</span>\r\n                            </label>\r\n                        </div>\r\n                    {{/unless}}\r\n\r\n                    {{#if product.options}}\r\n                        {{> components/products/add-to-cart}}\r\n                    {{else}}\r\n                        {{#if product.can_purchase}}\r\n                            {{> components/products/add-to-cart}}\r\n                        {{/if}}\r\n                        {{#if product.out_of_stock}}\r\n                            <div class=\"productView-actions\">\r\n                                {{#if product.out_of_stock_message}}\r\n                                    <div class=\"form-action form-action2\">\r\n                                        <span class=\"form-action-text\">\r\n                                            <svg class=\"icon\"><use xlink:href=\"#icon-info2\"></use></svg>\r\n                                            <span class=\"text\">{{product.out_of_stock_message}}</span>\r\n                                        </span>\r\n                                    </div>\r\n                                {{else}}\r\n                                    <div class=\"form-action form-action2\">\r\n                                        <span class=\"form-action-text\">\r\n                                            <svg class=\"icon\"><use xlink:href=\"#icon-info2\"></use></svg>\r\n                                            <span class=\"text\">{{lang products.sold_out}}</span>\r\n                                        </span>\r\n                                    </div>\r\n                                {{/if}}\r\n                            </div>\r\n                        {{/if}}\r\n                    {{/if}}\r\n                </form>\r\n\r\n                {{#if settings.show_wishlist}}\r\n                    {{> components/common/wishlist-dropdown}}\r\n                {{/if}}\r\n            </div>\r\n\r\n            {{> components/halothemes/products/halo-notify-me-out-of-stock}}\r\n\r\n            {{#if theme_settings.product_viewingProduct}}\r\n                <div class=\"productView-ViewingProduct u-hiddenVisually\">\r\n                    <svg class=\"icon\"><use xlink:href=\"#icon-eye\"></use></svg>5 customers are viewing this product\r\n                </div>\r\n            {{/if}}\r\n\r\n            {{#if theme_settings.product_share_button}}\r\n                <div class=\"productView-share\">\r\n                    <div class=\"productView-shareLabel\"><span>{{lang 'common.share'}}:</span></div>\r\n                    {{> components/common/share}}\r\n                </div>\r\n            {{/if}}\r\n        </div>\r\n    </div>\r\n</div>\r\n",
  "components/common/responsive-img": "{{!--\nThis file implements the lazysizes srcset pattern (as seen on\nhttps://github.com/aFarkas/lazysizes#modern-transparent-srcset-pattern) for maximum performance on modern browsers\nand reasonable compatibility with legacy browsers.\n\nThere are a few important arguments to know about when using this component:\n`lazyload`:\n    - If set to 'lazyload+lqip', will load a low-res image which will be replaced by lazysizes - ensuring that SOME\n    content is shown immediately on page load. Without LQIP, a transparent gif will be used instead, which reduces\n    the number of requests needed to load the page, making it even faster.\n    - If set to 'lazyload', the browser will not load the full-size image at first, instead the lazysizes plugin will\n        load it progressively after page load. This improves the load speed of the page, but it should be disabled for\n        high-priority above-the-fold images.\n    - If set to 'disabled', will not attempt to lazyload the image and instead tell the browser to load it immediately.\n        Use this for high-priority images that are above the fold.\n\n`fallback_size`:\n    This is the size to use for this image in legacy browsers that do not support srcset.\n    Can be defined as a pixel bounding-box size (e.g. \"123x123) or inherent width (e.g. \"123w\").\n\n`class`:\n    The CSS classes to add to the image, e.g. \"card-image\". If lazyloading is enabled, all images will have the\n    \"lazyload\" class so that lazysizes will target them automatically.\n\n`otherAttributes`:\n    Any other HTML attributes you want on the img tag, for example \"height='100' width='100'\"\n\n`default_image`:\n    The default image to use if `image` is undefined or falsy. Should be a theme asset, usually defined as a relative\n    path in the theme config. If a default image is not provided, you'll get an image tag with no image if the primary\n    image is undefined.\n\n`lqip_size`:\n    If you want to specify a particular size for the LQIP image, you can do so with this argument. A default of 80\n    pixels wide will be used otherwise. This argument has no effect if the lazyload mode is not \"lazyload+lqip\".\n\n--}}\n<img {{#if image}}{{!-- Get the default image for legacy browsers that do not support srcset\n--}}src=\"{{getImageSrcset image 1x=(default fallback_size '160w')}}\" alt=\"{{image.alt}}\" title=\"{{image.alt}}\" {{!--\n  Allow lazysizes to generate the 'sizes' attribute automatically --}}data-sizes=\"auto\"\n  {{#unless lazyload '==' 'disabled'}}\n    {{#if lazyload '==' 'lazyload+lqip'}}\n    {{!-- If we want a LQIP, include it as the default srcset (will be overwritten by lazysizes) --}}\n    srcset=\"{{getImageSrcset image 1x=(default lqip_size '80w')}}\"\n    {{else}}\n      {{!-- If we don't want a LQIP, use a 1px transparent gif for the stand-in image\n            This requires no additional network request, so it's fast --}}\n    srcset=\"data:image/gif;base64,R0lGODlhAQABAIAAAP///wAAACH5BAEAAAAALAAAAAABAAEAAAICRAEAOw==\"\n    {{/if}}\n{{/unless}}\n{{!-- If lazyloading is disabled, just use \"srcset\". If it is not disabled, use \"data-srcset\" so lazysizes will use\n      this after page load --}}\n{{!--\nGenerate the srcset string using the default sizes defined in the helper. This will allow the browser to\npick the best-sized image based on its own understanding of how it will render the page.\n--}}\n{{#unless lazyload '==' 'disabled'}}data-{{/unless}}srcset=\"{{getImageSrcset image use_default_sizes=true }}\"\n{{else if default_image}}src=\"{{cdn default_image}}\" alt=\"{{lang 'products.card_default_image_alt'}}\"{{/if}}\nclass=\"{{#unless lazyload '==' 'disabled'}}lazyload{{/unless}}{{#if class}} {{class}}{{/if}}\"\n{{#if lazyload '==' 'lazyload'}}loading=\"lazy\"{{/if}}\n{{otherAttributes}} />\n",
  "components/products/ratings": "<span role=\"img\"\n      aria-label=\"{{lang 'products.reviews.rating_aria_label' current_rating=rating max_rating=5}}\"\n>\n    {{#for 1 5}}\n        {{#if ../this.rating '>=' $index}}\n            <span class=\"icon icon--ratingFull\">\n                <svg aria-hidden=\"true\">\n                    <use xlink:href=\"#icon-star\" />\n                </svg>\n            </span>\n        {{else}}\n            <span class=\"icon icon--ratingEmpty\">\n                <svg aria-hidden=\"true\">\n                    <use xlink:href=\"#icon-star\" />\n                </svg>\n            </span>\n        {{/if}}\n    {{/for}}\n</span>\n",
  "components/halothemes/products/halo-product-countdown": "{{#if theme_settings.halo-product-countdown-show}}\n\t{{#if theme_settings.halo-product-countdown '==' 'same'}}\n\t\t<div class=\"productView-countDown countdown_{{id}}\" data-countdown-id=\"{{id}}\" data-countdown=\"{{theme_settings.halo-product-countdown-time}}\"></div>\n\t{{else}}\n\t\t{{#each custom_fields}}\n\t\t    {{#if name '==' '__countdown'}}\n\t\t        <div class=\"productView-countDown countdown_{{../../id}}\" data-countdown-id=\"{{../../id}}\" data-countdown=\"{{{value}}}\"></div>\n\t\t    {{/if}}\n\t\t{{/each}}\n\t{{/if}}\n{{/if}}\n",
  "components/products/add-to-cart": "<div class=\"alertBox productAttributes-message\" style=\"display:none\">\n    <div class=\"alertBox-column alertBox-icon\">\n        <icon glyph=\"ic-success\" class=\"icon\" aria-hidden=\"true\"><svg xmlns=\"http://www.w3.org/2000/svg\" width=\"24\" height=\"24\" viewBox=\"0 0 24 24\"><path d=\"M12 2C6.48 2 2 6.48 2 12s4.48 10 10 10 10-4.48 10-10S17.52 2 12 2zm1 15h-2v-2h2v2zm0-4h-2V7h2v6z\"></path></svg></icon>\n    </div>\n    <p class=\"alertBox-column alertBox-message\"></p>\n</div>\n\n<div class=\"productView-actions\">\n    {{#if theme_settings.show_product_quantity_box}}\n        <div class=\"form-field form-field--increments\">\n            <label class=\"form-label form-label--alternate\" for=\"qty[]\">{{lang 'products.quantity'}}</label>\n            <div class=\"form-increment\" data-quantity-change>\n                <input class=\"form-input form-input--incrementTotal\"\n                    id=\"qty[]\"\n                    name=\"qty[]\"\n                    type=\"number\"\n                    value=\"{{#if product.min_purchase_quantity}}{{product.min_purchase_quantity}}{{else}}1{{/if}}\"\n                    data-quantity-min=\"{{product.min_purchase_quantity}}\"\n                    data-quantity-max=\"{{product.max_purchase_quantity}}\"\n                    min=\"1\"\n                    pattern=\"[0-9]*\"\n                    aria-live=\"polite\">\n            </div>\n        </div>\n    {{/if}}\n\n    {{#or customer (if theme_settings.restrict_to_login '!==' true)}}        \n        <div class=\"form-action{{#unless theme_settings.show_product_quantity_box}} form-action2{{/unless}}\">\n            <input id=\"form-action-addToCart\" data-form-action-addToCart data-wait-message=\"{{lang 'products.adding_to_cart'}}\" class=\"button button--primary\" type=\"submit\" value=\"{{#if product.pre_order}}{{lang 'products.pre_order'}}{{else}}{{lang 'products.add_to_cart'}}{{/if}}\">\n        </div>\n    {{else}}\n        <div class=\"form-action{{#unless theme_settings.show_product_quantity_box}} form-action2{{/unless}}\">\n            <span class=\"form-action-text\">\n                <svg class=\"icon\"><use xlink:href=\"#icon-info2\"></use></svg>\n                <span class=\"text\">{{lang 'common.restrict_to_login2'}}</span>\n            </span>\n        </div>\n    {{/or}}\n</div>\n{{#or customer (if theme_settings.restrict_to_login '!==' true)}}\n    {{#if theme_settings.halo_buy_it_now}}\n        <div class=\"productView-actions productView-actions--buyItNow\">\n            <div class=\"form-action form-action--buyItNow\">\n                <input id=\"form-action-buyItNow\" data-wait-message=\"{{lang 'products.adding_to_cart'}}\" class=\"button button--buyItNow\" type=\"submit\"\n                value=\"{{lang 'products.buy_it_now'}}\">\n            </div>\n        </div>\n    {{/if}}\n{{/or}}\n",
  "components/common/login-for-pricing": "<p translate>{{lang 'common.restrict_to_login'}}</p>\n",
  "components/products/price": "{{!-- There are 2 code paths for generating the PDP pricing HTML determined by the following #and condition. \nIf a 'price_range' exists then we generate all HTML in price-range.html, otherwise it is defined here. Both code\npaths generate the same HTML structure with some differences in whether that element is displayed by default (css styling).\n\nIf you are making a change here or in price-range.html, you probably want to make that change in both files. --}}\n\n{{#and price.price_range (if theme_settings.price_ranges '==' true)}}\n    {{> components/products/price-range price=price schema_org=schema_org}}\n{{else}}\n    {{#if price.with_tax}}\n        <div class=\"price-section price-section--withTax rrp-price--withTax\" {{#unless price.rrp_with_tax}}style=\"display: none;\"{{/unless}}>\n            {{theme_settings.pdp-retail-price-label}}\n            <span data-product-rrp-with-tax class=\"price price--rrp\">\n                {{price.rrp_with_tax.formatted}}\n            </span>\n        </div>\n        <div class=\"price-section price-section--withTax non-sale-price--withTax{{#unless price.non_sale_price_with_tax}} price-none{{/unless}}\" {{#unless price.non_sale_price_with_tax}}style=\"display: none;\"{{/unless}}>\n            {{theme_settings.pdp-non-sale-price-label}}\n            <span data-product-non-sale-price-with-tax class=\"price price--non-sale\">\n                {{price.non_sale_price_with_tax.formatted}}\n            </span>\n        </div>\n        <div class=\"price-section price-section--withTax\" {{#if schema_org}}itemprop=\"offers\" itemscope itemtype=\"http://schema.org/Offer\"{{/if}}>\n            <span class=\"price-label\" {{#if price.non_sale_price_with_tax}}style=\"display: none;\"{{/if}}>\n                {{theme_settings.pdp-price-label}}\n            </span>\n            <span class=\"price-now-label\" {{#unless price.non_sale_price_with_tax}}style=\"display: none;\"{{/unless}}>\n                {{theme_settings.pdp-sale-price-label}}\n            </span>\n            <span data-product-price-with-tax class=\"price price--withTax\">{{price.with_tax.formatted}}</span>\n            {{#if schema_org}}\n                <meta itemprop=\"availability\" itemtype=\"http://schema.org/ItemAvailability\" \n                \tcontent=\"http://schema.org/{{#if product.pre_order}}PreOrder{{else if product.out_of_stock}}OutOfStock{{else if product.can_purchase '===' false}}OutOfStock{{else}}InStock{{/if}}\">\n                <meta itemprop=\"itemCondition\" itemtype=\"http://schema.org/OfferItemCondition\" content=\"http://schema.org/{{product.condition}}Condition\">\n                <meta itemprop=\"priceCurrency\" content=\"{{currency_selector.active_currency_code}}\">\n                <meta itemprop=\"url\" content=\"{{product.url}}\">\n                <div itemprop=\"priceSpecification\" itemscope itemtype=\"http://schema.org/PriceSpecification\">\n                    <meta itemprop=\"price\" content=\"{{price.with_tax.value}}\">\n                    <meta itemprop=\"priceCurrency\" content=\"{{currency_selector.active_currency_code}}\">\n                    <meta itemprop=\"valueAddedTaxIncluded\" content=\"true\">\n                </div>\n            {{/if}}\n            {{#if price.without_tax}}\n                <abbr title=\"{{lang 'products.including_tax'}}\">{{lang 'products.price_with_tax' tax_label=price.tax_label}}</abbr>\n            {{/if}}\n        </div>\n        {{#if page_type '===' 'product'}}\n            {{#if price.non_sale_price_with_tax}}\n                <div class=\"price-section price-section--salebale\">\n                    {{lang 'products.sale_label'}} {{round (subtract 100 (multiply (divide price.with_tax.value price.non_sale_price_with_tax.value) 100)) 0}}%\n                </div>\n            {{/if}}\n        {{/if}}\n    {{/if}}\n    {{#if price.without_tax}}\n        <div class=\"price-section price-section--withoutTax rrp-price--withoutTax{{#if price.with_tax}} price-section--minor{{/if}}\" {{#unless price.rrp_without_tax}}style=\"display: none;\"{{/unless}}>\n            {{theme_settings.pdp-retail-price-label}}\n            <span data-product-rrp-price-without-tax class=\"price price--rrp\"> \n                {{price.rrp_without_tax.formatted}}\n            </span>\n        </div>\n        <div class=\"price-section price-section--withoutTax non-sale-price--withoutTax{{#if price.with_tax}} price-section--minor{{/if}}{{#unless price.non_sale_price_without_tax}} price-none{{/unless}}\" {{#unless price.non_sale_price_without_tax}}style=\"display: none;\"{{/unless}}>\n            {{theme_settings.pdp-non-sale-price-label}}\n            <span data-product-non-sale-price-without-tax class=\"price price--non-sale\">\n                {{price.non_sale_price_without_tax.formatted}}\n            </span>\n        </div>\n        <div class=\"price-section price-section--withoutTax\" {{#if schema_org}}itemprop=\"offers\" itemscope itemtype=\"http://schema.org/Offer\"{{/if}}>\n            <span class=\"price-label\" {{#if price.non_sale_price_without_tax}}style=\"display: none;\"{{/if}}>\n                {{theme_settings.pdp-price-label}}\n            </span>\n            <span class=\"price-now-label\" {{#unless price.non_sale_price_without_tax}}style=\"display: none;\"{{/unless}}>\n                {{theme_settings.pdp-sale-price-label}}\n            </span>\n            <span data-product-price-without-tax class=\"price price--withoutTax{{#if price.with_tax}} price-section--minor{{/if}}\">{{price.without_tax.formatted}}</span>\n            {{#if schema_org}}\n                <meta itemprop=\"availability\" itemtype=\"http://schema.org/ItemAvailability\"\n                    content=\"http://schema.org/{{#if product.pre_order}}PreOrder{{else if product.out_of_stock}}OutOfStock{{else if product.can_purchase '===' false}}OutOfStock{{else}}InStock{{/if}}\">\n                <meta itemprop=\"itemCondition\" itemtype=\"http://schema.org/OfferItemCondition\" content=\"http://schema.org/{{product.condition}}Condition\">\n                <meta itemprop=\"priceCurrency\" content=\"{{currency_selector.active_currency_code}}\">\n                <meta itemprop=\"url\" content=\"{{product.url}}\">\n                <div itemprop=\"priceSpecification\" itemscope itemtype=\"http://schema.org/PriceSpecification\">\n                    <meta itemprop=\"price\" content=\"{{price.without_tax.value}}\">\n                    <meta itemprop=\"priceCurrency\" content=\"{{currency_selector.active_currency_code}}\">\n                    <meta itemprop=\"valueAddedTaxIncluded\" content=\"false\">\n                </div>\n            {{/if}}\n            {{#if price.with_tax}}\n                <abbr title=\"{{lang 'products.excluding_tax'}}\">{{lang 'products.price_without_tax' tax_label=price.tax_label}}</abbr>\n            {{/if}}\n        </div>\n        {{#if page_type '===' 'product'}}\n            {{#if price.non_sale_price_without_tax}}\n                <div class=\"price-section price-section--salebale\">\n                    {{lang 'products.sale_label'}} {{round (subtract 100 (multiply (divide price.without_tax.value price.non_sale_price_without_tax.value) 100)) 0}}%\n                </div>\n            {{/if}}\n        {{/if}}\n    {{/if}}\n    {{#if page_type '===' 'product'}}\n        <div class=\"price-section price-section--saving price\" {{#unless price.saved}}style=\"display: none;\"{{/unless}}>\n            <span class=\"price\">{{lang 'products.you_save_opening_text'}}</span>\n            <span data-product-price-saved class=\"price price--saving\">\n                {{price.saved.formatted}}\n            </span>\n            <span class=\"price\">{{lang 'products.you_save_closing_bracket'}}</span>\n        </div>\n    {{/if}}\n{{/and}}\n",
  "components/common/wishlist-dropdown": "<form action=\"{{product.add_to_wishlist_url}}\" class=\"form form-wishlist{{#unless product.out_of_stock}}{{#if theme_settings.halo_buy_it_now}} form-wishlist-custom{{/if}}{{/unless}}\" data-wishlist-add method=\"post\">\n    <a aria-controls=\"wishlist-dropdown-{{product.id}}\" aria-expanded=\"false\" class=\"dropdown-menu-button\" data-dropdown=\"wishlist-dropdown-{{product.id}}\" href=\"#\" aria-label=\"Add to Wishlist\">\n        <span class=\"text\">Add to Wishlist</span>\n        <svg class=\"icon\" aria-hidden=\"true\"><use xlink:href=\"#icon-heart\"></use></svg>\n    </a>\n    <ul aria-hidden=\"true\" class=\"dropdown-menu\" data-dropdown-content id=\"wishlist-dropdown-{{product.id}}\" tabindex=\"-1\">\n        {{#if customer.wishlists}} \n            {{#each customer.wishlists}}\n            <li>\n                <input class=\"button {{#if this.num_items '!==' '0'}}button--has-items{{/if}}\" formaction=\"{{this.add_url}}&product_id={{../product.id}}\"\n                    type=\"submit\" value=\"{{this.name}}\">\n            </li>\n            {{/each}} \n        {{else}}\n            <li>\n                <input class=\"button\" type=\"submit\" value=\"{{lang 'account.wishlists.add_to_default'}}\">\n            </li>\n        {{/if}}\n        <li>\n            <a data-wishlist class=\"button\" href=\"/wishlist.php?action=addwishlist&product_id={{product.id}}\">{{lang 'account.wishlists.create_new'}}</a>\n        </li>\n    </ul>\n</form>\n",
  "components/halothemes/products/halo-notify-me-out-of-stock": "{{#if theme_settings.halo_notify_me}}\n    <div class=\"productView-notifyMe\" {{#unless product.out_of_stock}}style=\"display: none;\"{{/unless}} data-product-title=\"{{product.title}}\" data-product-url=\"{{product.url}}\" data-product-variant=\"\">\n        <form class=\"productView-notifyMe-form\" method=\"post\" action=\"\">\n            <div class=\"form-field\">\n                <label class=\"form-label\" for=\"halo_notify_email\">\n                    {{theme_settings.halo_notify_me-text1}} {{theme_settings.halo_notify_me-text2}}\n                </label>\n                <input aria-required=\"true\" type=\"email\" class=\"form-input\" name=\"email\" id=\"halo_notify_email\" placeholder=\"{{lang 'common.insert_email_address'}}\">\n                <button type=\"button\" class=\"button button--primary\" id=\"halo_notify_submit\">{{lang 'common.email_submit'}}</button>\n            </div>\n        </form>\n        <div class=\"productView-notifyMe-text\"></div>\n    </div>\n{{/if}}\n",
  "components/common/share": "{{#if settings.add_this.buttons}}\n    <div class=\"addthis_toolbox addthis_32x32_style\" addthis:url=\"{{url}}\"\n         addthis:title=\"{{title}}\">\n        <ul class=\"socialLinks\">\n            {{#each settings.add_this.buttons}}\n                <li class=\"socialLinks-item socialLinks-item--{{service}}\">\n                    <a class=\"abc addthis_button_{{service}} icon icon--{{service}}\" {{{annotation}}} {{#if service '===' 'email'}}title=\"Open {{{capitalize service}}} in a new tab\"{{else}}title=\"Open {{{capitalize service}}} in a new popup\"{{/if}}>\n                        {{#if service '===' 'facebook'}}\n                            <svg aria-hidden=\"true\">\n                                <use xlink:href=\"#icon-facebook\"/>\n                            </svg>\n                        {{else if service '===' 'email'}}\n                            <svg aria-hidden=\"true\">\n                                <use xlink:href=\"#icon-envelope\"/>\n                            </svg>\n                        {{else if service '===' 'print'}}\n                            <svg aria-hidden=\"true\">\n                                <use xlink:href=\"#icon-print\"/>\n                            </svg>\n                        {{else if service '===' 'twitter'}}\n                            <svg aria-hidden=\"true\">\n                                <use xlink:href=\"#icon-twitter\"/>\n                            </svg>\n                        {{else if service '===' 'linkedin'}}\n                            <svg aria-hidden=\"true\">\n                                <use xlink:href=\"#icon-linkedin\"/>\n                            </svg>\n                        {{else if service '===' 'google'}}\n                            <svg aria-hidden=\"true\">\n                                <use xlink:href=\"#icon-google\"/>\n                            </svg>\n                        {{else if service '===' 'pinterest'}}\n                            <svg aria-hidden=\"true\">\n                                <use xlink:href=\"#icon-pinterest\"/>\n                            </svg>\n                        {{/if}}\n                    </a>\n                </li>\n            {{/each}}\n        </ul>\n        <script type=\"text/javascript\"\n                defer src=\"//s7.addthis.com/js/300/addthis_widget.js#pubid=ra-4e94ed470ee51e32\"></script>\n        <script>  \n            window.addEventListener('DOMContentLoaded', function() {\n                if (typeof(addthis) === \"object\") {\n                    addthis.toolbox('.addthis_toolbox');\n                }\n            });\n        </script>\n    </div>\n{{/if}}\n{{#if settings.facebook_like_button.enabled}}\n    <iframe \n        class=\"facebook{{#if settings.facebook_like_button.verb '===' 'recommend'}}Recommend{{else}}Like{{/if}}Btn\" \n        style=\"border:none; overflow:hidden; margin: 0; padding: 0; position:absolute\" \n        src=\"https://www.facebook.com/plugins/like.php?href={{settings.facebook_like_button.href}}&amp;layout=button_count{{#if settings.facebook_like_button.verb '===' 'recommend'}}&amp;action=recommend{{/if}}&amp;colorscheme=light&amp;height=20\" \n        scrolling=\"no\" \n        frameborder=\"0\" \n        allowTransparency=\"true\">\n    </iframe>\n{{/if}}\n",
  "components/halothemes/options/date": "<div class=\"form-field\" data-product-attribute=\"date\">\n    <label class=\"form-label form-label--alternate form-label--inlineSmall\" {{#if style}}style=\"{{style}}\" {{/if}}>\n        {{this.display_name}}\n\n        {{> components/common/requireness-msg}}\n    </label>\n    <select class=\"form-select form-select--date\" name=\"attribute[{{this.id}}][month]\" {{#if required}}required{{/if}}>\n        <option value=\"\">{{lang 'common.month'}}</option>\n        {{#for 1 12}}\n            <option value=\"{{$index}}\" {{#if ../selected_date.month '==' $index}}selected=\"selected\"{{/if}}>\n                {{lang (concat 'common.short_months.' $index)}}\n            </option>\n        {{/for}}\n    </select>\n    <select class=\"form-select form-select--date\" name=\"attribute[{{this.id}}][day]\" {{#if required}}required{{/if}}>\n        <option value=\"\">{{lang 'common.day'}}</option>\n        {{#for 1 31}}\n            <option value=\"{{$index}}\" {{#if ../selected_date.day '==' $index}}selected=\"selected\"{{/if}}>\n                {{$index}}\n            </option>\n        {{/for}}\n    </select>\n    <select class=\"form-select form-select--date\" name=\"attribute[{{this.id}}][year]\" {{#if required}}required{{/if}}>\n        <option value=\"\">{{lang 'common.year'}}</option>\n        {{#for earliest_year latest_year}}\n            <option value=\"{{$index}}\" {{#if ../selected_date.year '==' $index}}selected=\"selected\"{{/if}}>\n                {{$index}}\n            </option>\n        {{/for}}\n        {{#if earliest_year '==' latest_year}}\n        <option value=\"{{earliest_year}}\" selected=\"selected\">{{earliest_year}}</option>\n        {{/if}}\n    </select>\n</div>\n",
  "components/halothemes/options/input-checkbox": "<div class=\"form-field\" data-product-attribute=\"input-checkbox\">\n    <label class=\"form-label form-label--alternate form-label--inlineSmall\">\n        {{display_name}}\n\n        {{> components/common/requireness-msg}}\n    </label>\n    <input type=\"hidden\" name=\"attribute[{{id}}]\" value=\"{{noValue}}\" />\n    <input\n        class=\"form-checkbox\"\n        type=\"checkbox\"\n        name=\"attribute[{{id}}]\"\n        id=\"fbt_attribute-check-{{id}}\"\n        value=\"{{value}}\"\n        {{#if checked}}\n            checked\n            data-default\n        {{/if}}\n        {{#if required}}required{{/if}}>\n\n    <label class=\"form-label {{class}}\" for=\"fbt_attribute-check-{{id}}\">{{label}}</label>\n</div>\n",
  "components/halothemes/options/input-file": "<div class=\"form-field\" data-product-attribute=\"input-file\">\n    <label class=\"form-label form-label--alternate form-label--inlineSmall\" for=\"fbt_attribute_file_{{id}}\">\n        {{ this.display_name }}\n\n        {{> components/common/requireness-msg}}\n    </label>\n\n    <input class=\"form-file\" type=\"file\" id=\"fbt_attribute_file_{{id}}\" name=\"attribute[{{this.id}}]\" {{#if required}}required{{/if}}>\n    {{#if original_name}}\n        {{{lang 'products.file_option_set' url=file_url name=original_name}}}\n        <label>{{lang 'cart.remove_file'}}<input type=\"checkbox\" name=\"{{file_remove}}\"></label>\n    {{/if}}\n    <p class=\"form-fileDescription\">{{#if file_size}}{{lang 'products.max_filesize'}} <strong>{{file_size}}</strong>, {{/if}}{{#if file_types}}{{lang 'products.filetypes'}} <strong>{{file_types}}</strong>{{/if}}</p>\n\n</div>\n",
  "components/halothemes/options/input-numbers": "<div class=\"form-field\" data-product-attribute=\"input-number\">\n    <label class=\"form-label form-label--alternate form-label--inlineSmall\" for=\"fbt_attribute_number_{{id}}\">\n        {{ this.display_name }}\n\n        {{> components/common/requireness-msg}}\n    </label>\n\n    <input class=\"form-input\" type=\"number\" id=\"fbt_attribute_number_{{id}}\" {{#unless this.integer_only}}step=\"any\"{{/unless}} name=\"attribute[{{this.id}}]\" value=\"{{this.prefill}}\" {{#if required}}required{{/if}}>\n</div>\n",
  "components/halothemes/options/input-text": "<div class=\"form-field\" data-product-attribute=\"input-text\">\n    <label class=\"form-label form-label--alternate form-label--inlineSmall\" for=\"fbt_attribute_text_{{id}}\">\n        {{ this.display_name }}\n\n        {{> components/common/requireness-msg}}\n    </label>\n\n    <input class=\"form-input form-input--small\" type=\"text\" id=\"fbt_attribute_text_{{id}}\" name=\"attribute[{{this.id}}]\" value=\"{{this.prefill}}\" {{#if required}}required{{/if}}>\n</div>\n",
  "components/halothemes/options/product-list": "<div class=\"form-field\" data-product-attribute=\"product-list\">\n    <label class=\"form-label form-label--alternate form-label--inlineSmall\">\n        {{display_name}}\n        <span data-option-value></span>\n\n        {{> components/common/requireness-msg}}\n    </label>\n\n    {{#if values.0.image}}\n        <ul class=\"productOptions-list\">\n            {{#unless required}}\n                <li class=\"productOptions-list-item\">\n                    <input class=\"form-radio\"\n                           type=\"radio\"\n                           name=\"attribute[{{id}}]\"\n                           value=\"0\"\n                           id=\"fbt_attribute_productlist_0_{{id}}\"\n                           checked=\"{{#if defaultValue '==' 0}}checked{{/if}}\" required>\n                    <label class=\"form-label\" for=\"fbt_attribute_productlist_0_{{id}}\">{{lang 'products.none'}}</label>\n                </li>\n            {{/unless}}\n            {{#each values}}\n                <li class=\"productOptions-list-item\" data-product-attribute-value=\"{{id}}\">\n                    {{#if image}}\n                        <figure class=\"productOptions-list-item-figure\">\n                            <img class=\"productOptions-list-item-image lazyload\" data-sizes=\"auto\" src=\"{{cdn 'img/loading.svg'}}\" data-src=\"{{getImage image 'productthumb_size'}}\" alt=\"{{image.alt}}\" title=\"{{image.alt}}\">\n                        </figure>\n                    {{/if}}\n                    <div class=\"productOptions-list-item-content\">\n                        <input\n                            class=\"form-radio\"\n                            type=\"radio\"\n                            name=\"attribute[{{../id}}]\"\n                            value=\"{{id}}\"\n                            id=\"fbt_attribute_productlist_{{../id}}_{{id}}\"\n                            {{#if selected}}\n                                checked\n                                data-default\n                            {{/if}}\n                            {{#if ../required}}required{{/if}}>\n                        <label data-product-attribute-value=\"{{id}}\" class=\"form-label\" for=\"fbt_attribute_productlist_{{../id}}_{{id}}\">{{label}}</label>\n                    </div>\n                </li>\n            {{/each}}\n        </ul>\n    {{else}}\n        {{#unless required}}\n        <input class=\"form-radio\"\n               type=\"radio\"\n               name=\"attribute[{{id}}]\"\n               value=\"0\"\n               id=\"fbt_attribute_productlist_0_{{id}}\"\n               {{#if defaultValue '==' 0}}checked{{/if}}>\n        <label class=\"form-label\" for=\"fbt_attribute_productlist_0_{{id}}\">{{lang 'products.none'}}</label>\n        {{/unless}}\n        {{#each values}}\n            <input\n                class=\"form-radio\"\n                type=\"radio\"\n                name=\"attribute[{{../id}}]\"\n                value=\"{{id}}\"\n                id=\"fbt_attribute_productlist_{{../id}}_{{id}}\"\n                {{#if selected}}checked{{/if}}\n                {{#if ../required}}required{{/if}}>\n            <label data-product-attribute-value=\"{{id}}\" class=\"form-label\" for=\"fbt_attribute_productlist_{{../id}}_{{id}}\">{{label}}</label>\n        {{/each}}\n    {{/if}}\n</div>\n",
  "components/halothemes/options/set-radio": "<div class=\"form-field\" data-product-attribute=\"set-radio\">\n    <label class=\"form-label form-label--alternate form-label--inlineSmall\">\n        {{ this.display_name }}\n\n        {{> components/common/requireness-msg}}\n        <span data-option-value></span>\n    </label>\n\n    {{#each this.values}}\n        <input\n            class=\"form-radio\"\n            type=\"radio\"\n            id=\"fbt_attribute_radio_{{../id}}_{{id}}\"\n            name=\"attribute[{{../id}}]\"\n            value=\"{{id}}\"\n            {{#if selected}}\n                checked\n                data-default\n            {{/if}}\n            {{#if ../required}}required{{/if}}>\n        <label data-product-attribute-value=\"{{id}}\" class=\"form-label\" for=\"fbt_attribute_radio_{{../id}}_{{id}}\">{{this.label}}</label>\n    {{/each}}\n</div>\n",
  "components/halothemes/options/set-rectangle": "<div class=\"form-field\" data-product-attribute=\"set-rectangle\">\n    <label class=\"form-label form-label--alternate form-label--inlineSmall\">\n        {{this.display_name}}\n        {{> components/common/requireness-msg}}\n        <span data-option-value></span>\n    </label>\n    {{#each this.values}}\n        <input\n            class=\"form-radio\"\n            type=\"radio\"\n            id=\"fbt_attribute_rectangle__{{../id}}_{{id}}\"\n            name=\"attribute[{{../id}}]\"\n            value=\"{{id}}\"\n            {{#if selected}}\n                checked\n                data-default\n            {{/if}}\n            {{#if ../required}}required{{/if}}>\n        <label class=\"form-option form-option-rectangle\" for=\"fbt_attribute_rectangle__{{../id}}_{{id}}\" data-product-attribute-value=\"{{id}}\">\n            <span class=\"form-option-variant\">{{this.label}}</span>\n        </label>\n    {{/each}}\n</div>\n",
  "components/halothemes/options/set-select": "<div class=\"form-field\" data-product-attribute=\"set-select\">\n    <label class=\"form-label form-label--alternate form-label--inlineSmall\" for=\"fbt_attribute_select_{{id}}\">\n        {{ this.display_name }}\n\n        {{> components/common/requireness-msg}}\n        <span data-option-value></span>\n    </label>\n\n    <select class=\"form-select form-select--small\" name=\"attribute[{{this.id}}]\" id=\"fbt_attribute_select_{{id}}\" {{#if required}}required{{/if}}>\n        <option value=\"\">{{lang 'products.choose_options'}}</option>\n        {{#each this.values}}\n            <option data-product-attribute-value=\"{{id}}\" value=\"{{id}}\" {{#if selected}}selected data-default{{/if}}>{{label}}</option>\n        {{/each}}\n    </select>\n</div>\n",
  "components/halothemes/options/swatch": "<div class=\"form-field\" data-product-attribute=\"swatch\">\n    <label class=\"form-label form-label--alternate form-label--inlineSmall\">\n        {{this.display_name}}\n\n        {{> components/common/requireness-msg}}\n        <span data-option-value></span>\n    </label>\n\n    {{#each this.values}}\n        <input class=\"form-radio\" type=\"radio\" name=\"attribute[{{../id}}]\" value=\"{{id}}\" id=\"fbt_attribute_swatch_{{../id}}_{{id}}\" {{#if selected}}checked data-default{{/if}} {{#if ../required}}required{{/if}} aria-label=\"{{this.label}}\">\n        <label class=\"form-option form-option-swatch\" for=\"fbt_attribute_swatch_{{../id}}_{{id}}\" data-product-attribute-value=\"{{id}}\">\n            {{#if image}}\n                <span class='form-option-variant form-option-variant--pattern' title=\"{{this.label}}\" style=\"background-image: url('{{getImage image \"swatch_option_size\"}}');\"></span>\n            {{/if}}\n            {{#if data.[2]}}\n                <span class='form-option-variant form-option-variant--color form-option-variant--color2' title=\"{{this.label}}\">\n                    <span style=\"background-color: #{{data.[0]}}\"></span>\n                    <span style=\"background-color: #{{data.[1]}}\"></span>\n                    <span style=\"background-color: #{{data.[2]}}\"></span>\n                </span>\n            {{else}}\n                {{#if data.[1]}}\n                    <span class='form-option-variant form-option-variant--color form-option-variant--color2' title=\"{{this.label}}\">\n                        <span style=\"background-color: #{{data.[0]}}\"></span>\n                        <span style=\"background-color: #{{data.[1]}}\"></span>\n                    </span>\n                {{else}}\n                    {{#if data.[0]}}\n                        <span class='form-option-variant form-option-variant--color' title=\"{{this.label}}\" style=\"background-color: #{{data.[0]}}\"></span>\n                    {{/if}}\n                {{/if}}\n            {{/if}}\n            {{#if pattern}}\n                <span class=\"form-option-expanded\">\n                    <span class=\"form-option-image\" style=\"background-image: url('{{getImage image 'core-swatch'}}');\"></span>\n                </span>\n            {{/if}}\n        </label>\n    {{/each}}\n</div>\n",
  "components/halothemes/options/textarea": "<div class=\"form-field\" data-product-attribute=\"textarea\">\n    <label class=\"form-label form-label--alternate form-label--inlineSmall\" for=\"fbt_attribute_textarea_{{id}}\">\n        {{display_name}}\n\n        {{> components/common/requireness-msg}}\n    </label>\n\n    <textarea class=\"form-input\" id=\"fbt_attribute_textarea_{{id}}\" name=\"attribute[{{id}}]\" {{#if required}}required{{/if}}>{{prefill}}</textarea>\n</div>\n",
  "components/products/price-range": "{{#and price.retail_price_range.min.with_tax price.retail_price_range.max.with_tax}}\n    <div class=\"price-section price-section--withTax rrp-price--withTax\">\n        {{theme_settings.pdp-retail-price-label}}\n        <span data-product-rrp-price-with-tax class=\"price price--rrp\">{{price.retail_price_range.min.with_tax.formatted}} - {{price.retail_price_range.max.with_tax.formatted}}</span>\n    </div>\n{{else}}\n    {{#if price.with_tax}}\n        <div class=\"price-section price-section--withTax rrp-price--withTax\" style=\"display: none;\">\n            {{theme_settings.pdp-retail-price-label}}\n            <span data-product-rrp-with-tax class=\"price price--rrp\">\n                {{price.rrp_with_tax.formatted}}\n            </span>\n        </div>\n    {{/if}}\n{{/and}}\n{{#and price.price_range.min.with_tax price.price_range.max.with_tax}}\n    {{!-- Never display the \"non-sales price\" if there is a price range to be shown, but we do want the element on the page --}}\n    <div class=\"price-section price-section--withTax non-sale-price--withTax price-none\" style=\"display: none;\">\n        <span data-product-non-sale-price-with-tax class=\"price price--non-sale\">\n            {{price.non_sale_price_with_tax.formatted}}\n        </span>\n    </div>\n    <div class=\"price-section price-section--withTax\" {{#if schema_org}}itemprop=\"offers\" itemscope itemtype=\"http://schema.org/Offer\"{{/if}}>\n        <span data-product-price-with-tax class=\"price price--withTax\">{{price.price_range.min.with_tax.formatted}} - {{price.price_range.max.with_tax.formatted}}</span>\n        {{#and price.price_range.min.without_tax price.price_range.max.without_tax}}\n            <abbr title=\"{{lang 'products.including_tax'}}\">{{lang 'products.price_with_tax' tax_label=price.price_range.min.tax_label}}</abbr>\n        {{/and}}\n        {{#if schema_org}}\n            <meta itemprop=\"availability\" content=\"{{product.availability}}\">\n            <meta itemprop=\"itemCondition\" itemtype=\"http://schema.org/OfferItemCondition\" content=\"http://schema.org/{{product.condition}}Condition\">\n            <div itemprop=\"priceSpecification\" itemscope itemtype=\"http://schema.org/PriceSpecification\">\n                <meta itemprop=\"minPrice\" content=\"{{price_range.min.with_tax.value}}\"  />\n                <meta itemprop=\"price\" content=\"{{price_range.min.with_tax.value}}\">\n                <meta itemprop=\"maxPrice\" content=\"{{price_range.max.with_tax.value}}\"  />\n                <meta itemprop=\"priceCurrency\" content=\"{{currency_selector.active_currency_code}}\">\n                <meta itemprop=\"valueAddedTaxIncluded\" content=\"true\">\n            </div>\n        {{/if}}\n    </div>\n{{/and}}\n{{#and price.retail_price_range.min.without_tax price.retail_price_range.max.without_tax}}\n    <div class=\"price-section price-section--withoutTax rrp-price--withoutTax{{#if price.with_tax}} price-section--minor{{/if}}\">\n        {{theme_settings.pdp-retail-price-label}}\n        <span data-product-rrp-price-without-tax class=\"price price--rrp\">{{price.retail_price_range.min.without_tax.formatted}} - {{price.retail_price_range.max.without_tax.formatted}}</span>\n    </div>\n{{else}}\n    {{#if price.without_tax}}\n        <div class=\"price-section price-section--withoutTax rrp-price--withoutTax{{#if price.with_tax}} price-section--minor{{/if}}\" style=\"display: none;\">\n            {{theme_settings.pdp-retail-price-label}}\n            <span data-product-rrp-price-without-tax class=\"price price--rrp\">\n                {{price.rrp_without_tax.formatted}}\n            </span>\n        </div>\n    {{/if}}\n{{/and}}\n{{#and price.price_range.min.without_tax price.price_range.max.without_tax}}\n    {{!-- Never display the \"non-sales price\" if there is a price range to be shown, but we do want the element on the page --}}\n    <div class=\"price-section price-section--withoutTax non-sale-price--withoutTax{{#if price.with_tax}} price-section--minor{{/if}} price-none\" style=\"display: none;\">\n        <span data-product-non-sale-price-without-tax class=\"price price--non-sale\">\n            {{price.non_sale_price_without_tax.formatted}}\n        </span>\n    </div>\n    <div class=\"price-section price-section--withoutTax{{#and price_range.min.with_tax price_range.max.with_tax}} price-section--minor{{/and}}\" {{#if schema_org}}itemprop=\"offers\" itemscope itemtype=\"http://schema.org/Offer\"{{/if}}>\n        <span data-product-price-without-tax class=\"price price--withoutTax\">{{price.price_range.min.without_tax.formatted}} - {{price.price_range.max.without_tax.formatted}}</span>\n        {{#and price.price_range.min.with_tax price.price_range.max.with_tax}}\n            <abbr title=\"{{lang 'products.excluding_tax'}}\">{{lang 'products.price_without_tax' tax_label=price.price_range.min.tax_label}}</abbr>\n        {{/and}}\n        {{#if schema_org}}\n            <meta itemprop=\"availability\" content=\"{{product.availability}}\">\n            <meta itemprop=\"itemCondition\" itemtype=\"http://schema.org/OfferItemCondition\" content=\"http://schema.org/{{product.condition}}Condition\">\n            <div itemprop=\"priceSpecification\" itemscope itemtype=\"http://schema.org/PriceSpecification\">\n                <meta itemprop=\"minPrice\" content=\"{{price.price_range.min.without_tax.value}}\"  />\n                <meta itemprop=\"price\" content=\"{{price.price_range.min.without_tax.value}}\">\n                <meta itemprop=\"maxPrice\" content=\"{{price.price_range.max.without_tax.value}}\"  />\n                <meta itemprop=\"priceCurrency\" content=\"{{currency_selector.active_currency_code}}\">\n                <meta itemprop=\"valueAddedTaxIncluded\" content=\"false\">\n            </div>\n        {{/if}}\n    </div>\n{{/and}}\n\n{{!-- Never display the \"saving price\" element by default if there is a price range on the page to be shown --}}\n{{#if page_type '===' 'product'}}\n     <div class=\"price-section price-section--saving price\" style=\"display: none;\">\n            <span class=\"price\">{{lang 'products.you_save_opening_text'}}</span>\n            <span data-product-price-saved class=\"price price--saving\">\n                {{price.saved.formatted}}\n            </span>\n            <span class=\"price\">{{lang 'products.you_save_closing_bracket'}}</span>\n     </div>\n{{/if}}\n",
  "components/common/requireness-msg": "<small>\n    {{#if required}}{{lang 'common.required'}}{{else}}{{lang 'common.optional'}}{{/if}}\n</small>\n"
}